   AgeBP,   YearCE, JanDays     , FebDays     , MarDays     , AprDays     , MayDays     , JunDays     , JulDays     , AugDays     , SepDays     , OctDays     , NovDays     , DecDays     , JanMid      , FebMid      , MarMid      , AprMid      , MayMid      , JunMid      , JulMid      , AugMid      , SepMid      , OctMid      , NovMid      , DecMid      , JanBeg      , FebBeg      , MarBeg      , AprBeg      , MayBeg      , JunBeg      , JulBeg      , AugBeg      , SepBeg      , OctBeg      , NovBeg      , DecBeg      , JanEnd      , FebEnd      , MarEnd      , AprEnd      , MayEnd      , JunEnd      , JulEnd      , AugEnd      , SepEnd      , OctEnd      , NovEnd      , DecEnd      , VE_day , SS_day , ndays
       0,     1000,  31.00000000,  28.00000000,  31.00000000,  30.00000000,  31.00000000,  30.00000000,  31.00000000,  31.00000000,  30.00000000,  31.00000000,  30.00000000,  31.00000000,  15.50000000,  45.00000000,  74.50000000, 105.00000000, 135.50000000, 166.00000000, 196.50000000, 227.50000000, 258.00000000, 288.50000000, 319.00000000, 349.50000000,   0.00000000,  31.00000000,  59.00000000,  90.00000000, 120.00000000, 151.00000000, 181.00000000, 212.00000000, 243.00000000, 273.00000000, 304.00000000, 334.00000000,  31.00000000,  59.00000000,  90.00000000, 120.00000000, 151.00000000, 181.00000000, 212.00000000, 243.00000000, 273.00000000, 304.00000000, 334.00000000, 365.00000000,  79.812, 173.254,  365
       0,     1001,  31.00000000,  28.00000000,  31.00000000,  30.00000000,  31.00000000,  30.00000000,  31.00000000,  31.00000000,  30.00000000,  31.00000000,  30.00000000,  31.00000000,  15.50000000,  45.00000000,  74.50000000, 105.00000000, 135.50000000, 166.00000000, 196.50000000, 227.50000000, 258.00000000, 288.50000000, 319.00000000, 349.50000000,   0.00000000,  31.00000000,  59.00000000,  90.00000000, 120.00000000, 151.00000000, 181.00000000, 212.00000000, 243.00000000, 273.00000000, 304.00000000, 334.00000000,  31.00000000,  59.00000000,  90.00000000, 120.00000000, 151.00000000, 181.00000000, 212.00000000, 243.00000000, 273.00000000, 304.00000000, 334.00000000, 365.00000000,  80.055, 173.497,  365
       0,     1002,  31.00000000,  28.00000000,  31.00000000,  30.00000000,  31.00000000,  30.00000000,  31.00000000,  31.00000000,  30.00000000,  31.00000000,  30.00000000,  31.00000000,  15.50000000,  45.00000000,  74.50000000, 105.00000000, 135.50000000, 166.00000000, 196.50000000, 227.50000000, 258.00000000, 288.50000000, 319.00000000, 349.50000000,   0.00000000,  31.00000000,  59.00000000,  90.00000000, 120.00000000, 151.00000000, 181.00000000, 212.00000000, 243.00000000, 273.00000000, 304.00000000, 334.00000000,  31.00000000,  59.00000000,  90.00000000, 120.00000000, 151.00000000, 181.00000000, 212.00000000, 243.00000000, 273.00000000, 304.00000000, 334.00000000, 365.00000000,  80.297, 173.738,  365
       0,     1003,  31.00000000,  28.00000000,  31.00000000,  30.00000000,  31.00000000,  30.00000000,  31.00000000,  31.00000000,  30.00000000,  31.00000000,  30.00000000,  31.00000000,  15.50000000,  45.00000000,  74.50000000, 105.00000000, 135.50000000, 166.00000000, 196.50000000, 227.50000000, 258.00000000, 288.50000000, 319.00000000, 349.50000000,   0.00000000,  31.00000000,  59.00000000,  90.00000000, 120.00000000, 151.00000000, 181.00000000, 212.00000000, 243.00000000, 273.00000000, 304.00000000, 334.00000000,  31.00000000,  59.00000000,  90.00000000, 120.00000000, 151.00000000, 181.00000000, 212.00000000, 243.00000000, 273.00000000, 304.00000000, 334.00000000, 365.00000000,  80.540, 173.980,  365
       0,     1004,  31.00000000,  29.00000000,  31.00000000,  30.00000000,  31.00000000,  30.00000000,  31.00000000,  31.00000000,  30.00000000,  31.00000000,  30.00000000,  31.00000000,  15.50000000,  45.50000000,  75.50000000, 106.00000000, 136.50000000, 167.00000000, 197.50000000, 228.50000000, 259.00000000, 289.50000000, 320.00000000, 350.50000000,   0.00000000,  31.00000000,  60.00000000,  91.00000000, 121.00000000, 152.00000000, 182.00000000, 213.00000000, 244.00000000, 274.00000000, 305.00000000, 335.00000000,  31.00000000,  60.00000000,  91.00000000, 121.00000000, 152.00000000, 182.00000000, 213.00000000, 244.00000000, 274.00000000, 305.00000000, 335.00000000, 366.00000000,  80.783, 174.222,  366
       0,     1005,  31.00000000,  28.00000000,  31.00000000,  30.00000000,  31.00000000,  30.00000000,  31.00000000,  31.00000000,  30.00000000,  31.00000000,  30.00000000,  31.00000000,  15.50000000,  45.00000000,  74.50000000, 105.00000000, 135.50000000, 166.00000000, 196.50000000, 227.50000000, 258.00000000, 288.50000000, 319.00000000, 349.50000000,   0.00000000,  31.00000000,  59.00000000,  90.00000000, 120.00000000, 151.00000000, 181.00000000, 212.00000000, 243.00000000, 273.00000000, 304.00000000, 334.00000000,  31.00000000,  59.00000000,  90.00000000, 120.00000000, 151.00000000, 181.00000000, 212.00000000, 243.00000000, 273.00000000, 304.00000000, 334.00000000, 365.00000000,  80.025, 173.464,  365
       0,     1006,  31.00000000,  28.00000000,  31.00000000,  30.00000000,  31.00000000,  30.00000000,  31.00000000,  31.00000000,  30.00000000,  31.00000000,  30.00000000,  31.00000000,  15.50000000,  45.00000000,  74.50000000, 105.00000000, 135.50000000, 166.00000000, 196.50000000, 227.50000000, 258.00000000, 288.50000000, 319.00000000, 349.50000000,   0.00000000,  31.00000000,  59.00000000,  90.00000000, 120.00000000, 151.00000000, 181.00000000, 212.00000000, 243.00000000, 273.00000000, 304.00000000, 334.00000000,  31.00000000,  59.00000000,  90.00000000, 120.00000000, 151.00000000, 181.00000000, 212.00000000, 243.00000000, 273.00000000, 304.00000000, 334.00000000, 365.00000000,  80.267, 173.706,  365
       0,     1007,  31.00000000,  28.00000000,  31.00000000,  30.00000000,  31.00000000,  30.00000000,  31.00000000,  31.00000000,  30.00000000,  31.00000000,  30.00000000,  31.00000000,  15.50000000,  45.00000000,  74.50000000, 105.00000000, 135.50000000, 166.00000000, 196.50000000, 227.50000000, 258.00000000, 288.50000000, 319.00000000, 349.50000000,   0.00000000,  31.00000000,  59.00000000,  90.00000000, 120.00000000, 151.00000000, 181.00000000, 212.00000000, 243.00000000, 273.00000000, 304.00000000, 334.00000000,  31.00000000,  59.00000000,  90.00000000, 120.00000000, 151.00000000, 181.00000000, 212.00000000, 243.00000000, 273.00000000, 304.00000000, 334.00000000, 365.00000000,  80.510, 173.948,  365
       0,     1008,  31.00000000,  29.00000000,  31.00000000,  30.00000000,  31.00000000,  30.00000000,  31.00000000,  31.00000000,  30.00000000,  31.00000000,  30.00000000,  31.00000000,  15.50000000,  45.50000000,  75.50000000, 106.00000000, 136.50000000, 167.00000000, 197.50000000, 228.50000000, 259.00000000, 289.50000000, 320.00000000, 350.50000000,   0.00000000,  31.00000000,  60.00000000,  91.00000000, 121.00000000, 152.00000000, 182.00000000, 213.00000000, 244.00000000, 274.00000000, 305.00000000, 335.00000000,  31.00000000,  60.00000000,  91.00000000, 121.00000000, 152.00000000, 182.00000000, 213.00000000, 244.00000000, 274.00000000, 305.00000000, 335.00000000, 366.00000000,  80.753, 174.190,  366
       0,     1009,  31.00000000,  28.00000000,  31.00000000,  30.00000000,  31.00000000,  30.00000000,  31.00000000,  31.00000000,  30.00000000,  31.00000000,  30.00000000,  31.00000000,  15.50000000,  45.00000000,  74.50000000, 105.00000000, 135.50000000, 166.00000000, 196.50000000, 227.50000000, 258.00000000, 288.50000000, 319.00000000, 349.50000000,   0.00000000,  31.00000000,  59.00000000,  90.00000000, 120.00000000, 151.00000000, 181.00000000, 212.00000000, 243.00000000, 273.00000000, 304.00000000, 334.00000000,  31.00000000,  59.00000000,  90.00000000, 120.00000000, 151.00000000, 181.00000000, 212.00000000, 243.00000000, 273.00000000, 304.00000000, 334.00000000, 365.00000000,  79.995, 173.431,  365
       0,     1010,  31.00000000,  28.00000000,  31.00000000,  30.00000000,  31.00000000,  30.00000000,  31.00000000,  31.00000000,  30.00000000,  31.00000000,  30.00000000,  31.00000000,  15.50000000,  45.00000000,  74.50000000, 105.00000000, 135.50000000, 166.00000000, 196.50000000, 227.50000000, 258.00000000, 288.50000000, 319.00000000, 349.50000000,   0.00000000,  31.00000000,  59.00000000,  90.00000000, 120.00000000, 151.00000000, 181.00000000, 212.00000000, 243.00000000, 273.00000000, 304.00000000, 334.00000000,  31.00000000,  59.00000000,  90.00000000, 120.00000000, 151.00000000, 181.00000000, 212.00000000, 243.00000000, 273.00000000, 304.00000000, 334.00000000, 365.00000000,  80.237, 173.674,  365
       0,     1011,  31.00000000,  28.00000000,  31.00000000,  30.00000000,  31.00000000,  30.00000000,  31.00000000,  31.00000000,  30.00000000,  31.00000000,  30.00000000,  31.00000000,  15.50000000,  45.00000000,  74.50000000, 105.00000000, 135.50000000, 166.00000000, 196.50000000, 227.50000000, 258.00000000, 288.50000000, 319.00000000, 349.50000000,   0.00000000,  31.00000000,  59.00000000,  90.00000000, 120.00000000, 151.00000000, 181.00000000, 212.00000000, 243.00000000, 273.00000000, 304.00000000, 334.00000000,  31.00000000,  59.00000000,  90.00000000, 120.00000000, 151.00000000, 181.00000000, 212.00000000, 243.00000000, 273.00000000, 304.00000000, 334.00000000, 365.00000000,  80.480, 173.915,  365
       0,     1012,  31.00000000,  29.00000000,  31.00000000,  30.00000000,  31.00000000,  30.00000000,  31.00000000,  31.00000000,  30.00000000,  31.00000000,  30.00000000,  31.00000000,  15.50000000,  45.50000000,  75.50000000, 106.00000000, 136.50000000, 167.00000000, 197.50000000, 228.50000000, 259.00000000, 289.50000000, 320.00000000, 350.50000000,   0.00000000,  31.00000000,  60.00000000,  91.00000000, 121.00000000, 152.00000000, 182.00000000, 213.00000000, 244.00000000, 274.00000000, 305.00000000, 335.00000000,  31.00000000,  60.00000000,  91.00000000, 121.00000000, 152.00000000, 182.00000000, 213.00000000, 244.00000000, 274.00000000, 305.00000000, 335.00000000, 366.00000000,  80.722, 174.157,  366
       0,     1013,  31.00000000,  28.00000000,  31.00000000,  30.00000000,  31.00000000,  30.00000000,  31.00000000,  31.00000000,  30.00000000,  31.00000000,  30.00000000,  31.00000000,  15.50000000,  45.00000000,  74.50000000, 105.00000000, 135.50000000, 166.00000000, 196.50000000, 227.50000000, 258.00000000, 288.50000000, 319.00000000, 349.50000000,   0.00000000,  31.00000000,  59.00000000,  90.00000000, 120.00000000, 151.00000000, 181.00000000, 212.00000000, 243.00000000, 273.00000000, 304.00000000, 334.00000000,  31.00000000,  59.00000000,  90.00000000, 120.00000000, 151.00000000, 181.00000000, 212.00000000, 243.00000000, 273.00000000, 304.00000000, 334.00000000, 365.00000000,  79.965, 173.399,  365
       0,     1014,  31.00000000,  28.00000000,  31.00000000,  30.00000000,  31.00000000,  30.00000000,  31.00000000,  31.00000000,  30.00000000,  31.00000000,  30.00000000,  31.00000000,  15.50000000,  45.00000000,  74.50000000, 105.00000000, 135.50000000, 166.00000000, 196.50000000, 227.50000000, 258.00000000, 288.50000000, 319.00000000, 349.50000000,   0.00000000,  31.00000000,  59.00000000,  90.00000000, 120.00000000, 151.00000000, 181.00000000, 212.00000000, 243.00000000, 273.00000000, 304.00000000, 334.00000000,  31.00000000,  59.00000000,  90.00000000, 120.00000000, 151.00000000, 181.00000000, 212.00000000, 243.00000000, 273.00000000, 304.00000000, 334.00000000, 365.00000000,  80.208, 173.641,  365
       0,     1015,  31.00000000,  28.00000000,  31.00000000,  30.00000000,  31.00000000,  30.00000000,  31.00000000,  31.00000000,  30.00000000,  31.00000000,  30.00000000,  31.00000000,  15.50000000,  45.00000000,  74.50000000, 105.00000000, 135.50000000, 166.00000000, 196.50000000, 227.50000000, 258.00000000, 288.50000000, 319.00000000, 349.50000000,   0.00000000,  31.00000000,  59.00000000,  90.00000000, 120.00000000, 151.00000000, 181.00000000, 212.00000000, 243.00000000, 273.00000000, 304.00000000, 334.00000000,  31.00000000,  59.00000000,  90.00000000, 120.00000000, 151.00000000, 181.00000000, 212.00000000, 243.00000000, 273.00000000, 304.00000000, 334.00000000, 365.00000000,  80.450, 173.883,  365
       0,     1016,  31.00000000,  29.00000000,  31.00000000,  30.00000000,  31.00000000,  30.00000000,  31.00000000,  31.00000000,  30.00000000,  31.00000000,  30.00000000,  31.00000000,  15.50000000,  45.50000000,  75.50000000, 106.00000000, 136.50000000, 167.00000000, 197.50000000, 228.50000000, 259.00000000, 289.50000000, 320.00000000, 350.50000000,   0.00000000,  31.00000000,  60.00000000,  91.00000000, 121.00000000, 152.00000000, 182.00000000, 213.00000000, 244.00000000, 274.00000000, 305.00000000, 335.00000000,  31.00000000,  60.00000000,  91.00000000, 121.00000000, 152.00000000, 182.00000000, 213.00000000, 244.00000000, 274.00000000, 305.00000000, 335.00000000, 366.00000000,  80.692, 174.124,  366
       0,     1017,  31.00000000,  28.00000000,  31.00000000,  30.00000000,  31.00000000,  30.00000000,  31.00000000,  31.00000000,  30.00000000,  31.00000000,  30.00000000,  31.00000000,  15.50000000,  45.00000000,  74.50000000, 105.00000000, 135.50000000, 166.00000000, 196.50000000, 227.50000000, 258.00000000, 288.50000000, 319.00000000, 349.50000000,   0.00000000,  31.00000000,  59.00000000,  90.00000000, 120.00000000, 151.00000000, 181.00000000, 212.00000000, 243.00000000, 273.00000000, 304.00000000, 334.00000000,  31.00000000,  59.00000000,  90.00000000, 120.00000000, 151.00000000, 181.00000000, 212.00000000, 243.00000000, 273.00000000, 304.00000000, 334.00000000, 365.00000000,  79.935, 173.367,  365
       0,     1018,  31.00000000,  28.00000000,  31.00000000,  30.00000000,  31.00000000,  30.00000000,  31.00000000,  31.00000000,  30.00000000,  31.00000000,  30.00000000,  31.00000000,  15.50000000,  45.00000000,  74.50000000, 105.00000000, 135.50000000, 166.00000000, 196.50000000, 227.50000000, 258.00000000, 288.50000000, 319.00000000, 349.50000000,   0.00000000,  31.00000000,  59.00000000,  90.00000000, 120.00000000, 151.00000000, 181.00000000, 212.00000000, 243.00000000, 273.00000000, 304.00000000, 334.00000000,  31.00000000,  59.00000000,  90.00000000, 120.00000000, 151.00000000, 181.00000000, 212.00000000, 243.00000000, 273.00000000, 304.00000000, 334.00000000, 365.00000000,  80.178, 173.608,  365
       0,     1019,  31.00000000,  28.00000000,  31.00000000,  30.00000000,  31.00000000,  30.00000000,  31.00000000,  31.00000000,  30.00000000,  31.00000000,  30.00000000,  31.00000000,  15.50000000,  45.00000000,  74.50000000, 105.00000000, 135.50000000, 166.00000000, 196.50000000, 227.50000000, 258.00000000, 288.50000000, 319.00000000, 349.50000000,   0.00000000,  31.00000000,  59.00000000,  90.00000000, 120.00000000, 151.00000000, 181.00000000, 212.00000000, 243.00000000, 273.00000000, 304.00000000, 334.00000000,  31.00000000,  59.00000000,  90.00000000, 120.00000000, 151.00000000, 181.00000000, 212.00000000, 243.00000000, 273.00000000, 304.00000000, 334.00000000, 365.00000000,  80.420, 173.850,  365
       0,     1020,  31.00000000,  29.00000000,  31.00000000,  30.00000000,  31.00000000,  30.00000000,  31.00000000,  31.00000000,  30.00000000,  31.00000000,  30.00000000,  31.00000000,  15.50000000,  45.50000000,  75.50000000, 106.00000000, 136.50000000, 167.00000000, 197.50000000, 228.50000000, 259.00000000, 289.50000000, 320.00000000, 350.50000000,   0.00000000,  31.00000000,  60.00000000,  91.00000000, 121.00000000, 152.00000000, 182.00000000, 213.00000000, 244.00000000, 274.00000000, 305.00000000, 335.00000000,  31.00000000,  60.00000000,  91.00000000, 121.00000000, 152.00000000, 182.00000000, 213.00000000, 244.00000000, 274.00000000, 305.00000000, 335.00000000, 366.00000000,  80.662, 174.092,  366
       0,     1021,  31.00000000,  28.00000000,  31.00000000,  30.00000000,  31.00000000,  30.00000000,  31.00000000,  31.00000000,  30.00000000,  31.00000000,  30.00000000,  31.00000000,  15.50000000,  45.00000000,  74.50000000, 105.00000000, 135.50000000, 166.00000000, 196.50000000, 227.50000000, 258.00000000, 288.50000000, 319.00000000, 349.50000000,   0.00000000,  31.00000000,  59.00000000,  90.00000000, 120.00000000, 151.00000000, 181.00000000, 212.00000000, 243.00000000, 273.00000000, 304.00000000, 334.00000000,  31.00000000,  59.00000000,  90.00000000, 120.00000000, 151.00000000, 181.00000000, 212.00000000, 243.00000000, 273.00000000, 304.00000000, 334.00000000, 365.00000000,  79.905, 173.334,  365
       0,     1022,  31.00000000,  28.00000000,  31.00000000,  30.00000000,  31.00000000,  30.00000000,  31.00000000,  31.00000000,  30.00000000,  31.00000000,  30.00000000,  31.00000000,  15.50000000,  45.00000000,  74.50000000, 105.00000000, 135.50000000, 166.00000000, 196.50000000, 227.50000000, 258.00000000, 288.50000000, 319.00000000, 349.50000000,   0.00000000,  31.00000000,  59.00000000,  90.00000000, 120.00000000, 151.00000000, 181.00000000, 212.00000000, 243.00000000, 273.00000000, 304.00000000, 334.00000000,  31.00000000,  59.00000000,  90.00000000, 120.00000000, 151.00000000, 181.00000000, 212.00000000, 243.00000000, 273.00000000, 304.00000000, 334.00000000, 365.00000000,  80.147, 173.576,  365
       0,     1023,  31.00000000,  28.00000000,  31.00000000,  30.00000000,  31.00000000,  30.00000000,  31.00000000,  31.00000000,  30.00000000,  31.00000000,  30.00000000,  31.00000000,  15.50000000,  45.00000000,  74.50000000, 105.00000000, 135.50000000, 166.00000000, 196.50000000, 227.50000000, 258.00000000, 288.50000000, 319.00000000, 349.50000000,   0.00000000,  31.00000000,  59.00000000,  90.00000000, 120.00000000, 151.00000000, 181.00000000, 212.00000000, 243.00000000, 273.00000000, 304.00000000, 334.00000000,  31.00000000,  59.00000000,  90.00000000, 120.00000000, 151.00000000, 181.00000000, 212.00000000, 243.00000000, 273.00000000, 304.00000000, 334.00000000, 365.00000000,  80.390, 173.818,  365
       0,     1024,  31.00000000,  29.00000000,  31.00000000,  30.00000000,  31.00000000,  30.00000000,  31.00000000,  31.00000000,  30.00000000,  31.00000000,  30.00000000,  31.00000000,  15.50000000,  45.50000000,  75.50000000, 106.00000000, 136.50000000, 167.00000000, 197.50000000, 228.50000000, 259.00000000, 289.50000000, 320.00000000, 350.50000000,   0.00000000,  31.00000000,  60.00000000,  91.00000000, 121.00000000, 152.00000000, 182.00000000, 213.00000000, 244.00000000, 274.00000000, 305.00000000, 335.00000000,  31.00000000,  60.00000000,  91.00000000, 121.00000000, 152.00000000, 182.00000000, 213.00000000, 244.00000000, 274.00000000, 305.00000000, 335.00000000, 366.00000000,  80.633, 174.060,  366
       0,     1025,  31.00000000,  28.00000000,  31.00000000,  30.00000000,  31.00000000,  30.00000000,  31.00000000,  31.00000000,  30.00000000,  31.00000000,  30.00000000,  31.00000000,  15.50000000,  45.00000000,  74.50000000, 105.00000000, 135.50000000, 166.00000000, 196.50000000, 227.50000000, 258.00000000, 288.50000000, 319.00000000, 349.50000000,   0.00000000,  31.00000000,  59.00000000,  90.00000000, 120.00000000, 151.00000000, 181.00000000, 212.00000000, 243.00000000, 273.00000000, 304.00000000, 334.00000000,  31.00000000,  59.00000000,  90.00000000, 120.00000000, 151.00000000, 181.00000000, 212.00000000, 243.00000000, 273.00000000, 304.00000000, 334.00000000, 365.00000000,  79.875, 173.301,  365
       0,     1026,  31.00000000,  28.00000000,  31.00000000,  30.00000000,  31.00000000,  30.00000000,  31.00000000,  31.00000000,  30.00000000,  31.00000000,  30.00000000,  31.00000000,  15.50000000,  45.00000000,  74.50000000, 105.00000000, 135.50000000, 166.00000000, 196.50000000, 227.50000000, 258.00000000, 288.50000000, 319.00000000, 349.50000000,   0.00000000,  31.00000000,  59.00000000,  90.00000000, 120.00000000, 151.00000000, 181.00000000, 212.00000000, 243.00000000, 273.00000000, 304.00000000, 334.00000000,  31.00000000,  59.00000000,  90.00000000, 120.00000000, 151.00000000, 181.00000000, 212.00000000, 243.00000000, 273.00000000, 304.00000000, 334.00000000, 365.00000000,  80.117, 173.544,  365
       0,     1027,  31.00000000,  28.00000000,  31.00000000,  30.00000000,  31.00000000,  30.00000000,  31.00000000,  31.00000000,  30.00000000,  31.00000000,  30.00000000,  31.00000000,  15.50000000,  45.00000000,  74.50000000, 105.00000000, 135.50000000, 166.00000000, 196.50000000, 227.50000000, 258.00000000, 288.50000000, 319.00000000, 349.50000000,   0.00000000,  31.00000000,  59.00000000,  90.00000000, 120.00000000, 151.00000000, 181.00000000, 212.00000000, 243.00000000, 273.00000000, 304.00000000, 334.00000000,  31.00000000,  59.00000000,  90.00000000, 120.00000000, 151.00000000, 181.00000000, 212.00000000, 243.00000000, 273.00000000, 304.00000000, 334.00000000, 365.00000000,  80.360, 173.785,  365
       0,     1028,  31.00000000,  29.00000000,  31.00000000,  30.00000000,  31.00000000,  30.00000000,  31.00000000,  31.00000000,  30.00000000,  31.00000000,  30.00000000,  31.00000000,  15.50000000,  45.50000000,  75.50000000, 106.00000000, 136.50000000, 167.00000000, 197.50000000, 228.50000000, 259.00000000, 289.50000000, 320.00000000, 350.50000000,   0.00000000,  31.00000000,  60.00000000,  91.00000000, 121.00000000, 152.00000000, 182.00000000, 213.00000000, 244.00000000, 274.00000000, 305.00000000, 335.00000000,  31.00000000,  60.00000000,  91.00000000, 121.00000000, 152.00000000, 182.00000000, 213.00000000, 244.00000000, 274.00000000, 305.00000000, 335.00000000, 366.00000000,  80.603, 174.027,  366
       0,     1029,  31.00000000,  28.00000000,  31.00000000,  30.00000000,  31.00000000,  30.00000000,  31.00000000,  31.00000000,  30.00000000,  31.00000000,  30.00000000,  31.00000000,  15.50000000,  45.00000000,  74.50000000, 105.00000000, 135.50000000, 166.00000000, 196.50000000, 227.50000000, 258.00000000, 288.50000000, 319.00000000, 349.50000000,   0.00000000,  31.00000000,  59.00000000,  90.00000000, 120.00000000, 151.00000000, 181.00000000, 212.00000000, 243.00000000, 273.00000000, 304.00000000, 334.00000000,  31.00000000,  59.00000000,  90.00000000, 120.00000000, 151.00000000, 181.00000000, 212.00000000, 243.00000000, 273.00000000, 304.00000000, 334.00000000, 365.00000000,  79.845, 173.269,  365
       0,     1030,  31.00000000,  28.00000000,  31.00000000,  30.00000000,  31.00000000,  30.00000000,  31.00000000,  31.00000000,  30.00000000,  31.00000000,  30.00000000,  31.00000000,  15.50000000,  45.00000000,  74.50000000, 105.00000000, 135.50000000, 166.00000000, 196.50000000, 227.50000000, 258.00000000, 288.50000000, 319.00000000, 349.50000000,   0.00000000,  31.00000000,  59.00000000,  90.00000000, 120.00000000, 151.00000000, 181.00000000, 212.00000000, 243.00000000, 273.00000000, 304.00000000, 334.00000000,  31.00000000,  59.00000000,  90.00000000, 120.00000000, 151.00000000, 181.00000000, 212.00000000, 243.00000000, 273.00000000, 304.00000000, 334.00000000, 365.00000000,  80.087, 173.511,  365
       0,     1031,  31.00000000,  28.00000000,  31.00000000,  30.00000000,  31.00000000,  30.00000000,  31.00000000,  31.00000000,  30.00000000,  31.00000000,  30.00000000,  31.00000000,  15.50000000,  45.00000000,  74.50000000, 105.00000000, 135.50000000, 166.00000000, 196.50000000, 227.50000000, 258.00000000, 288.50000000, 319.00000000, 349.50000000,   0.00000000,  31.00000000,  59.00000000,  90.00000000, 120.00000000, 151.00000000, 181.00000000, 212.00000000, 243.00000000, 273.00000000, 304.00000000, 334.00000000,  31.00000000,  59.00000000,  90.00000000, 120.00000000, 151.00000000, 181.00000000, 212.00000000, 243.00000000, 273.00000000, 304.00000000, 334.00000000, 365.00000000,  80.330, 173.753,  365
       0,     1032,  31.00000000,  29.00000000,  31.00000000,  30.00000000,  31.00000000,  30.00000000,  31.00000000,  31.00000000,  30.00000000,  31.00000000,  30.00000000,  31.00000000,  15.50000000,  45.50000000,  75.50000000, 106.00000000, 136.50000000, 167.00000000, 197.50000000, 228.50000000, 259.00000000, 289.50000000, 320.00000000, 350.50000000,   0.00000000,  31.00000000,  60.00000000,  91.00000000, 121.00000000, 152.00000000, 182.00000000, 213.00000000, 244.00000000, 274.00000000, 305.00000000, 335.00000000,  31.00000000,  60.00000000,  91.00000000, 121.00000000, 152.00000000, 182.00000000, 213.00000000, 244.00000000, 274.00000000, 305.00000000, 335.00000000, 366.00000000,  80.572, 173.995,  366
       0,     1033,  31.00000000,  28.00000000,  31.00000000,  30.00000000,  31.00000000,  30.00000000,  31.00000000,  31.00000000,  30.00000000,  31.00000000,  30.00000000,  31.00000000,  15.50000000,  45.00000000,  74.50000000, 105.00000000, 135.50000000, 166.00000000, 196.50000000, 227.50000000, 258.00000000, 288.50000000, 319.00000000, 349.50000000,   0.00000000,  31.00000000,  59.00000000,  90.00000000, 120.00000000, 151.00000000, 181.00000000, 212.00000000, 243.00000000, 273.00000000, 304.00000000, 334.00000000,  31.00000000,  59.00000000,  90.00000000, 120.00000000, 151.00000000, 181.00000000, 212.00000000, 243.00000000, 273.00000000, 304.00000000, 334.00000000, 365.00000000,  79.815, 173.237,  365
       0,     1034,  31.00000000,  28.00000000,  31.00000000,  30.00000000,  31.00000000,  30.00000000,  31.00000000,  31.00000000,  30.00000000,  31.00000000,  30.00000000,  31.00000000,  15.50000000,  45.00000000,  74.50000000, 105.00000000, 135.50000000, 166.00000000, 196.50000000, 227.50000000, 258.00000000, 288.50000000, 319.00000000, 349.50000000,   0.00000000,  31.00000000,  59.00000000,  90.00000000, 120.00000000, 151.00000000, 181.00000000, 212.00000000, 243.00000000, 273.00000000, 304.00000000, 334.00000000,  31.00000000,  59.00000000,  90.00000000, 120.00000000, 151.00000000, 181.00000000, 212.00000000, 243.00000000, 273.00000000, 304.00000000, 334.00000000, 365.00000000,  80.058, 173.478,  365
       0,     1035,  31.00000000,  28.00000000,  31.00000000,  30.00000000,  31.00000000,  30.00000000,  31.00000000,  31.00000000,  30.00000000,  31.00000000,  30.00000000,  31.00000000,  15.50000000,  45.00000000,  74.50000000, 105.00000000, 135.50000000, 166.00000000, 196.50000000, 227.50000000, 258.00000000, 288.50000000, 319.00000000, 349.50000000,   0.00000000,  31.00000000,  59.00000000,  90.00000000, 120.00000000, 151.00000000, 181.00000000, 212.00000000, 243.00000000, 273.00000000, 304.00000000, 334.00000000,  31.00000000,  59.00000000,  90.00000000, 120.00000000, 151.00000000, 181.00000000, 212.00000000, 243.00000000, 273.00000000, 304.00000000, 334.00000000, 365.00000000,  80.300, 173.720,  365
       0,     1036,  31.00000000,  29.00000000,  31.00000000,  30.00000000,  31.00000000,  30.00000000,  31.00000000,  31.00000000,  30.00000000,  31.00000000,  30.00000000,  31.00000000,  15.50000000,  45.50000000,  75.50000000, 106.00000000, 136.50000000, 167.00000000, 197.50000000, 228.50000000, 259.00000000, 289.50000000, 320.00000000, 350.50000000,   0.00000000,  31.00000000,  60.00000000,  91.00000000, 121.00000000, 152.00000000, 182.00000000, 213.00000000, 244.00000000, 274.00000000, 305.00000000, 335.00000000,  31.00000000,  60.00000000,  91.00000000, 121.00000000, 152.00000000, 182.00000000, 213.00000000, 244.00000000, 274.00000000, 305.00000000, 335.00000000, 366.00000000,  80.542, 173.963,  366
       0,     1037,  31.00000000,  28.00000000,  31.00000000,  30.00000000,  31.00000000,  30.00000000,  31.00000000,  31.00000000,  30.00000000,  31.00000000,  30.00000000,  31.00000000,  15.50000000,  45.00000000,  74.50000000, 105.00000000, 135.50000000, 166.00000000, 196.50000000, 227.50000000, 258.00000000, 288.50000000, 319.00000000, 349.50000000,   0.00000000,  31.00000000,  59.00000000,  90.00000000, 120.00000000, 151.00000000, 181.00000000, 212.00000000, 243.00000000, 273.00000000, 304.00000000, 334.00000000,  31.00000000,  59.00000000,  90.00000000, 120.00000000, 151.00000000, 181.00000000, 212.00000000, 243.00000000, 273.00000000, 304.00000000, 334.00000000, 365.00000000,  79.785, 173.204,  365
       0,     1038,  31.00000000,  28.00000000,  31.00000000,  30.00000000,  31.00000000,  30.00000000,  31.00000000,  31.00000000,  30.00000000,  31.00000000,  30.00000000,  31.00000000,  15.50000000,  45.00000000,  74.50000000, 105.00000000, 135.50000000, 166.00000000, 196.50000000, 227.50000000, 258.00000000, 288.50000000, 319.00000000, 349.50000000,   0.00000000,  31.00000000,  59.00000000,  90.00000000, 120.00000000, 151.00000000, 181.00000000, 212.00000000, 243.00000000, 273.00000000, 304.00000000, 334.00000000,  31.00000000,  59.00000000,  90.00000000, 120.00000000, 151.00000000, 181.00000000, 212.00000000, 243.00000000, 273.00000000, 304.00000000, 334.00000000, 365.00000000,  80.028, 173.446,  365
       0,     1039,  31.00000000,  28.00000000,  31.00000000,  30.00000000,  31.00000000,  30.00000000,  31.00000000,  31.00000000,  30.00000000,  31.00000000,  30.00000000,  31.00000000,  15.50000000,  45.00000000,  74.50000000, 105.00000000, 135.50000000, 166.00000000, 196.50000000, 227.50000000, 258.00000000, 288.50000000, 319.00000000, 349.50000000,   0.00000000,  31.00000000,  59.00000000,  90.00000000, 120.00000000, 151.00000000, 181.00000000, 212.00000000, 243.00000000, 273.00000000, 304.00000000, 334.00000000,  31.00000000,  59.00000000,  90.00000000, 120.00000000, 151.00000000, 181.00000000, 212.00000000, 243.00000000, 273.00000000, 304.00000000, 334.00000000, 365.00000000,  80.270, 173.688,  365
       0,     1040,  31.00000000,  29.00000000,  31.00000000,  30.00000000,  31.00000000,  30.00000000,  31.00000000,  31.00000000,  30.00000000,  31.00000000,  30.00000000,  31.00000000,  15.50000000,  45.50000000,  75.50000000, 106.00000000, 136.50000000, 167.00000000, 197.50000000, 228.50000000, 259.00000000, 289.50000000, 320.00000000, 350.50000000,   0.00000000,  31.00000000,  60.00000000,  91.00000000, 121.00000000, 152.00000000, 182.00000000, 213.00000000, 244.00000000, 274.00000000, 305.00000000, 335.00000000,  31.00000000,  60.00000000,  91.00000000, 121.00000000, 152.00000000, 182.00000000, 213.00000000, 244.00000000, 274.00000000, 305.00000000, 335.00000000, 366.00000000,  80.513, 173.930,  366
       0,     1041,  31.00000000,  28.00000000,  31.00000000,  30.00000000,  31.00000000,  30.00000000,  31.00000000,  31.00000000,  30.00000000,  31.00000000,  30.00000000,  31.00000000,  15.50000000,  45.00000000,  74.50000000, 105.00000000, 135.50000000, 166.00000000, 196.50000000, 227.50000000, 258.00000000, 288.50000000, 319.00000000, 349.50000000,   0.00000000,  31.00000000,  59.00000000,  90.00000000, 120.00000000, 151.00000000, 181.00000000, 212.00000000, 243.00000000, 273.00000000, 304.00000000, 334.00000000,  31.00000000,  59.00000000,  90.00000000, 120.00000000, 151.00000000, 181.00000000, 212.00000000, 243.00000000, 273.00000000, 304.00000000, 334.00000000, 365.00000000,  79.755, 173.172,  365
       0,     1042,  31.00000000,  28.00000000,  31.00000000,  30.00000000,  31.00000000,  30.00000000,  31.00000000,  31.00000000,  30.00000000,  31.00000000,  30.00000000,  31.00000000,  15.50000000,  45.00000000,  74.50000000, 105.00000000, 135.50000000, 166.00000000, 196.50000000, 227.50000000, 258.00000000, 288.50000000, 319.00000000, 349.50000000,   0.00000000,  31.00000000,  59.00000000,  90.00000000, 120.00000000, 151.00000000, 181.00000000, 212.00000000, 243.00000000, 273.00000000, 304.00000000, 334.00000000,  31.00000000,  59.00000000,  90.00000000, 120.00000000, 151.00000000, 181.00000000, 212.00000000, 243.00000000, 273.00000000, 304.00000000, 334.00000000, 365.00000000,  79.997, 173.414,  365
       0,     1043,  31.00000000,  28.00000000,  31.00000000,  30.00000000,  31.00000000,  30.00000000,  31.00000000,  31.00000000,  30.00000000,  31.00000000,  30.00000000,  31.00000000,  15.50000000,  45.00000000,  74.50000000, 105.00000000, 135.50000000, 166.00000000, 196.50000000, 227.50000000, 258.00000000, 288.50000000, 319.00000000, 349.50000000,   0.00000000,  31.00000000,  59.00000000,  90.00000000, 120.00000000, 151.00000000, 181.00000000, 212.00000000, 243.00000000, 273.00000000, 304.00000000, 334.00000000,  31.00000000,  59.00000000,  90.00000000, 120.00000000, 151.00000000, 181.00000000, 212.00000000, 243.00000000, 273.00000000, 304.00000000, 334.00000000, 365.00000000,  80.240, 173.656,  365
       0,     1044,  31.00000000,  29.00000000,  31.00000000,  30.00000000,  31.00000000,  30.00000000,  31.00000000,  31.00000000,  30.00000000,  31.00000000,  30.00000000,  31.00000000,  15.50000000,  45.50000000,  75.50000000, 106.00000000, 136.50000000, 167.00000000, 197.50000000, 228.50000000, 259.00000000, 289.50000000, 320.00000000, 350.50000000,   0.00000000,  31.00000000,  60.00000000,  91.00000000, 121.00000000, 152.00000000, 182.00000000, 213.00000000, 244.00000000, 274.00000000, 305.00000000, 335.00000000,  31.00000000,  60.00000000,  91.00000000, 121.00000000, 152.00000000, 182.00000000, 213.00000000, 244.00000000, 274.00000000, 305.00000000, 335.00000000, 366.00000000,  80.483, 173.897,  366
       0,     1045,  31.00000000,  28.00000000,  31.00000000,  30.00000000,  31.00000000,  30.00000000,  31.00000000,  31.00000000,  30.00000000,  31.00000000,  30.00000000,  31.00000000,  15.50000000,  45.00000000,  74.50000000, 105.00000000, 135.50000000, 166.00000000, 196.50000000, 227.50000000, 258.00000000, 288.50000000, 319.00000000, 349.50000000,   0.00000000,  31.00000000,  59.00000000,  90.00000000, 120.00000000, 151.00000000, 181.00000000, 212.00000000, 243.00000000, 273.00000000, 304.00000000, 334.00000000,  31.00000000,  59.00000000,  90.00000000, 120.00000000, 151.00000000, 181.00000000, 212.00000000, 243.00000000, 273.00000000, 304.00000000, 334.00000000, 365.00000000,  79.725, 173.140,  365
       0,     1046,  31.00000000,  28.00000000,  31.00000000,  30.00000000,  31.00000000,  30.00000000,  31.00000000,  31.00000000,  30.00000000,  31.00000000,  30.00000000,  31.00000000,  15.50000000,  45.00000000,  74.50000000, 105.00000000, 135.50000000, 166.00000000, 196.50000000, 227.50000000, 258.00000000, 288.50000000, 319.00000000, 349.50000000,   0.00000000,  31.00000000,  59.00000000,  90.00000000, 120.00000000, 151.00000000, 181.00000000, 212.00000000, 243.00000000, 273.00000000, 304.00000000, 334.00000000,  31.00000000,  59.00000000,  90.00000000, 120.00000000, 151.00000000, 181.00000000, 212.00000000, 243.00000000, 273.00000000, 304.00000000, 334.00000000, 365.00000000,  79.967, 173.381,  365
       0,     1047,  31.00000000,  28.00000000,  31.00000000,  30.00000000,  31.00000000,  30.00000000,  31.00000000,  31.00000000,  30.00000000,  31.00000000,  30.00000000,  31.00000000,  15.50000000,  45.00000000,  74.50000000, 105.00000000, 135.50000000, 166.00000000, 196.50000000, 227.50000000, 258.00000000, 288.50000000, 319.00000000, 349.50000000,   0.00000000,  31.00000000,  59.00000000,  90.00000000, 120.00000000, 151.00000000, 181.00000000, 212.00000000, 243.00000000, 273.00000000, 304.00000000, 334.00000000,  31.00000000,  59.00000000,  90.00000000, 120.00000000, 151.00000000, 181.00000000, 212.00000000, 243.00000000, 273.00000000, 304.00000000, 334.00000000, 365.00000000,  80.210, 173.623,  365
       0,     1048,  31.00000000,  29.00000000,  31.00000000,  30.00000000,  31.00000000,  30.00000000,  31.00000000,  31.00000000,  30.00000000,  31.00000000,  30.00000000,  31.00000000,  15.50000000,  45.50000000,  75.50000000, 106.00000000, 136.50000000, 167.00000000, 197.50000000, 228.50000000, 259.00000000, 289.50000000, 320.00000000, 350.50000000,   0.00000000,  31.00000000,  60.00000000,  91.00000000, 121.00000000, 152.00000000, 182.00000000, 213.00000000, 244.00000000, 274.00000000, 305.00000000, 335.00000000,  31.00000000,  60.00000000,  91.00000000, 121.00000000, 152.00000000, 182.00000000, 213.00000000, 244.00000000, 274.00000000, 305.00000000, 335.00000000, 366.00000000,  80.453, 173.865,  366
       0,     1049,  31.00000000,  28.00000000,  31.00000000,  30.00000000,  31.00000000,  30.00000000,  31.00000000,  31.00000000,  30.00000000,  31.00000000,  30.00000000,  31.00000000,  15.50000000,  45.00000000,  74.50000000, 105.00000000, 135.50000000, 166.00000000, 196.50000000, 227.50000000, 258.00000000, 288.50000000, 319.00000000, 349.50000000,   0.00000000,  31.00000000,  59.00000000,  90.00000000, 120.00000000, 151.00000000, 181.00000000, 212.00000000, 243.00000000, 273.00000000, 304.00000000, 334.00000000,  31.00000000,  59.00000000,  90.00000000, 120.00000000, 151.00000000, 181.00000000, 212.00000000, 243.00000000, 273.00000000, 304.00000000, 334.00000000, 365.00000000,  79.695, 173.107,  365
       0,     1050,  31.00000000,  28.00000000,  31.00000000,  30.00000000,  31.00000000,  30.00000000,  31.00000000,  31.00000000,  30.00000000,  31.00000000,  30.00000000,  31.00000000,  15.50000000,  45.00000000,  74.50000000, 105.00000000, 135.50000000, 166.00000000, 196.50000000, 227.50000000, 258.00000000, 288.50000000, 319.00000000, 349.50000000,   0.00000000,  31.00000000,  59.00000000,  90.00000000, 120.00000000, 151.00000000, 181.00000000, 212.00000000, 243.00000000, 273.00000000, 304.00000000, 334.00000000,  31.00000000,  59.00000000,  90.00000000, 120.00000000, 151.00000000, 181.00000000, 212.00000000, 243.00000000, 273.00000000, 304.00000000, 334.00000000, 365.00000000,  79.938, 173.349,  365
       0,     1051,  31.00000000,  28.00000000,  31.00000000,  30.00000000,  31.00000000,  30.00000000,  31.00000000,  31.00000000,  30.00000000,  31.00000000,  30.00000000,  31.00000000,  15.50000000,  45.00000000,  74.50000000, 105.00000000, 135.50000000, 166.00000000, 196.50000000, 227.50000000, 258.00000000, 288.50000000, 319.00000000, 349.50000000,   0.00000000,  31.00000000,  59.00000000,  90.00000000, 120.00000000, 151.00000000, 181.00000000, 212.00000000, 243.00000000, 273.00000000, 304.00000000, 334.00000000,  31.00000000,  59.00000000,  90.00000000, 120.00000000, 151.00000000, 181.00000000, 212.00000000, 243.00000000, 273.00000000, 304.00000000, 334.00000000, 365.00000000,  80.180, 173.590,  365
       0,     1052,  31.00000000,  29.00000000,  31.00000000,  30.00000000,  31.00000000,  30.00000000,  31.00000000,  31.00000000,  30.00000000,  31.00000000,  30.00000000,  31.00000000,  15.50000000,  45.50000000,  75.50000000, 106.00000000, 136.50000000, 167.00000000, 197.50000000, 228.50000000, 259.00000000, 289.50000000, 320.00000000, 350.50000000,   0.00000000,  31.00000000,  60.00000000,  91.00000000, 121.00000000, 152.00000000, 182.00000000, 213.00000000, 244.00000000, 274.00000000, 305.00000000, 335.00000000,  31.00000000,  60.00000000,  91.00000000, 121.00000000, 152.00000000, 182.00000000, 213.00000000, 244.00000000, 274.00000000, 305.00000000, 335.00000000, 366.00000000,  80.422, 173.833,  366
       0,     1053,  31.00000000,  28.00000000,  31.00000000,  30.00000000,  31.00000000,  30.00000000,  31.00000000,  31.00000000,  30.00000000,  31.00000000,  30.00000000,  31.00000000,  15.50000000,  45.00000000,  74.50000000, 105.00000000, 135.50000000, 166.00000000, 196.50000000, 227.50000000, 258.00000000, 288.50000000, 319.00000000, 349.50000000,   0.00000000,  31.00000000,  59.00000000,  90.00000000, 120.00000000, 151.00000000, 181.00000000, 212.00000000, 243.00000000, 273.00000000, 304.00000000, 334.00000000,  31.00000000,  59.00000000,  90.00000000, 120.00000000, 151.00000000, 181.00000000, 212.00000000, 243.00000000, 273.00000000, 304.00000000, 334.00000000, 365.00000000,  79.665, 173.074,  365
       0,     1054,  31.00000000,  28.00000000,  31.00000000,  30.00000000,  31.00000000,  30.00000000,  31.00000000,  31.00000000,  30.00000000,  31.00000000,  30.00000000,  31.00000000,  15.50000000,  45.00000000,  74.50000000, 105.00000000, 135.50000000, 166.00000000, 196.50000000, 227.50000000, 258.00000000, 288.50000000, 319.00000000, 349.50000000,   0.00000000,  31.00000000,  59.00000000,  90.00000000, 120.00000000, 151.00000000, 181.00000000, 212.00000000, 243.00000000, 273.00000000, 304.00000000, 334.00000000,  31.00000000,  59.00000000,  90.00000000, 120.00000000, 151.00000000, 181.00000000, 212.00000000, 243.00000000, 273.00000000, 304.00000000, 334.00000000, 365.00000000,  79.908, 173.316,  365
       0,     1055,  31.00000000,  28.00000000,  31.00000000,  30.00000000,  31.00000000,  30.00000000,  31.00000000,  31.00000000,  30.00000000,  31.00000000,  30.00000000,  31.00000000,  15.50000000,  45.00000000,  74.50000000, 105.00000000, 135.50000000, 166.00000000, 196.50000000, 227.50000000, 258.00000000, 288.50000000, 319.00000000, 349.50000000,   0.00000000,  31.00000000,  59.00000000,  90.00000000, 120.00000000, 151.00000000, 181.00000000, 212.00000000, 243.00000000, 273.00000000, 304.00000000, 334.00000000,  31.00000000,  59.00000000,  90.00000000, 120.00000000, 151.00000000, 181.00000000, 212.00000000, 243.00000000, 273.00000000, 304.00000000, 334.00000000, 365.00000000,  80.150, 173.558,  365
       0,     1056,  31.00000000,  29.00000000,  31.00000000,  30.00000000,  31.00000000,  30.00000000,  31.00000000,  31.00000000,  30.00000000,  31.00000000,  30.00000000,  31.00000000,  15.50000000,  45.50000000,  75.50000000, 106.00000000, 136.50000000, 167.00000000, 197.50000000, 228.50000000, 259.00000000, 289.50000000, 320.00000000, 350.50000000,   0.00000000,  31.00000000,  60.00000000,  91.00000000, 121.00000000, 152.00000000, 182.00000000, 213.00000000, 244.00000000, 274.00000000, 305.00000000, 335.00000000,  31.00000000,  60.00000000,  91.00000000, 121.00000000, 152.00000000, 182.00000000, 213.00000000, 244.00000000, 274.00000000, 305.00000000, 335.00000000, 366.00000000,  80.392, 173.800,  366
       0,     1057,  31.00000000,  28.00000000,  31.00000000,  30.00000000,  31.00000000,  30.00000000,  31.00000000,  31.00000000,  30.00000000,  31.00000000,  30.00000000,  31.00000000,  15.50000000,  45.00000000,  74.50000000, 105.00000000, 135.50000000, 166.00000000, 196.50000000, 227.50000000, 258.00000000, 288.50000000, 319.00000000, 349.50000000,   0.00000000,  31.00000000,  59.00000000,  90.00000000, 120.00000000, 151.00000000, 181.00000000, 212.00000000, 243.00000000, 273.00000000, 304.00000000, 334.00000000,  31.00000000,  59.00000000,  90.00000000, 120.00000000, 151.00000000, 181.00000000, 212.00000000, 243.00000000, 273.00000000, 304.00000000, 334.00000000, 365.00000000,  79.635, 173.042,  365
       0,     1058,  31.00000000,  28.00000000,  31.00000000,  30.00000000,  31.00000000,  30.00000000,  31.00000000,  31.00000000,  30.00000000,  31.00000000,  30.00000000,  31.00000000,  15.50000000,  45.00000000,  74.50000000, 105.00000000, 135.50000000, 166.00000000, 196.50000000, 227.50000000, 258.00000000, 288.50000000, 319.00000000, 349.50000000,   0.00000000,  31.00000000,  59.00000000,  90.00000000, 120.00000000, 151.00000000, 181.00000000, 212.00000000, 243.00000000, 273.00000000, 304.00000000, 334.00000000,  31.00000000,  59.00000000,  90.00000000, 120.00000000, 151.00000000, 181.00000000, 212.00000000, 243.00000000, 273.00000000, 304.00000000, 334.00000000, 365.00000000,  79.878, 173.284,  365
       0,     1059,  31.00000000,  28.00000000,  31.00000000,  30.00000000,  31.00000000,  30.00000000,  31.00000000,  31.00000000,  30.00000000,  31.00000000,  30.00000000,  31.00000000,  15.50000000,  45.00000000,  74.50000000, 105.00000000, 135.50000000, 166.00000000, 196.50000000, 227.50000000, 258.00000000, 288.50000000, 319.00000000, 349.50000000,   0.00000000,  31.00000000,  59.00000000,  90.00000000, 120.00000000, 151.00000000, 181.00000000, 212.00000000, 243.00000000, 273.00000000, 304.00000000, 334.00000000,  31.00000000,  59.00000000,  90.00000000, 120.00000000, 151.00000000, 181.00000000, 212.00000000, 243.00000000, 273.00000000, 304.00000000, 334.00000000, 365.00000000,  80.120, 173.526,  365
       0,     1060,  31.00000000,  29.00000000,  31.00000000,  30.00000000,  31.00000000,  30.00000000,  31.00000000,  31.00000000,  30.00000000,  31.00000000,  30.00000000,  31.00000000,  15.50000000,  45.50000000,  75.50000000, 106.00000000, 136.50000000, 167.00000000, 197.50000000, 228.50000000, 259.00000000, 289.50000000, 320.00000000, 350.50000000,   0.00000000,  31.00000000,  60.00000000,  91.00000000, 121.00000000, 152.00000000, 182.00000000, 213.00000000, 244.00000000, 274.00000000, 305.00000000, 335.00000000,  31.00000000,  60.00000000,  91.00000000, 121.00000000, 152.00000000, 182.00000000, 213.00000000, 244.00000000, 274.00000000, 305.00000000, 335.00000000, 366.00000000,  80.362, 173.767,  366
       0,     1061,  31.00000000,  28.00000000,  31.00000000,  30.00000000,  31.00000000,  30.00000000,  31.00000000,  31.00000000,  30.00000000,  31.00000000,  30.00000000,  31.00000000,  15.50000000,  45.00000000,  74.50000000, 105.00000000, 135.50000000, 166.00000000, 196.50000000, 227.50000000, 258.00000000, 288.50000000, 319.00000000, 349.50000000,   0.00000000,  31.00000000,  59.00000000,  90.00000000, 120.00000000, 151.00000000, 181.00000000, 212.00000000, 243.00000000, 273.00000000, 304.00000000, 334.00000000,  31.00000000,  59.00000000,  90.00000000, 120.00000000, 151.00000000, 181.00000000, 212.00000000, 243.00000000, 273.00000000, 304.00000000, 334.00000000, 365.00000000,  79.605, 173.010,  365
       0,     1062,  31.00000000,  28.00000000,  31.00000000,  30.00000000,  31.00000000,  30.00000000,  31.00000000,  31.00000000,  30.00000000,  31.00000000,  30.00000000,  31.00000000,  15.50000000,  45.00000000,  74.50000000, 105.00000000, 135.50000000, 166.00000000, 196.50000000, 227.50000000, 258.00000000, 288.50000000, 319.00000000, 349.50000000,   0.00000000,  31.00000000,  59.00000000,  90.00000000, 120.00000000, 151.00000000, 181.00000000, 212.00000000, 243.00000000, 273.00000000, 304.00000000, 334.00000000,  31.00000000,  59.00000000,  90.00000000, 120.00000000, 151.00000000, 181.00000000, 212.00000000, 243.00000000, 273.00000000, 304.00000000, 334.00000000, 365.00000000,  79.847, 173.251,  365
       0,     1063,  31.00000000,  28.00000000,  31.00000000,  30.00000000,  31.00000000,  30.00000000,  31.00000000,  31.00000000,  30.00000000,  31.00000000,  30.00000000,  31.00000000,  15.50000000,  45.00000000,  74.50000000, 105.00000000, 135.50000000, 166.00000000, 196.50000000, 227.50000000, 258.00000000, 288.50000000, 319.00000000, 349.50000000,   0.00000000,  31.00000000,  59.00000000,  90.00000000, 120.00000000, 151.00000000, 181.00000000, 212.00000000, 243.00000000, 273.00000000, 304.00000000, 334.00000000,  31.00000000,  59.00000000,  90.00000000, 120.00000000, 151.00000000, 181.00000000, 212.00000000, 243.00000000, 273.00000000, 304.00000000, 334.00000000, 365.00000000,  80.090, 173.493,  365
       0,     1064,  31.00000000,  29.00000000,  31.00000000,  30.00000000,  31.00000000,  30.00000000,  31.00000000,  31.00000000,  30.00000000,  31.00000000,  30.00000000,  31.00000000,  15.50000000,  45.50000000,  75.50000000, 106.00000000, 136.50000000, 167.00000000, 197.50000000, 228.50000000, 259.00000000, 289.50000000, 320.00000000, 350.50000000,   0.00000000,  31.00000000,  60.00000000,  91.00000000, 121.00000000, 152.00000000, 182.00000000, 213.00000000, 244.00000000, 274.00000000, 305.00000000, 335.00000000,  31.00000000,  60.00000000,  91.00000000, 121.00000000, 152.00000000, 182.00000000, 213.00000000, 244.00000000, 274.00000000, 305.00000000, 335.00000000, 366.00000000,  80.333, 173.735,  366
       0,     1065,  31.00000000,  28.00000000,  31.00000000,  30.00000000,  31.00000000,  30.00000000,  31.00000000,  31.00000000,  30.00000000,  31.00000000,  30.00000000,  31.00000000,  15.50000000,  45.00000000,  74.50000000, 105.00000000, 135.50000000, 166.00000000, 196.50000000, 227.50000000, 258.00000000, 288.50000000, 319.00000000, 349.50000000,   0.00000000,  31.00000000,  59.00000000,  90.00000000, 120.00000000, 151.00000000, 181.00000000, 212.00000000, 243.00000000, 273.00000000, 304.00000000, 334.00000000,  31.00000000,  59.00000000,  90.00000000, 120.00000000, 151.00000000, 181.00000000, 212.00000000, 243.00000000, 273.00000000, 304.00000000, 334.00000000, 365.00000000,  79.575, 172.977,  365
       0,     1066,  31.00000000,  28.00000000,  31.00000000,  30.00000000,  31.00000000,  30.00000000,  31.00000000,  31.00000000,  30.00000000,  31.00000000,  30.00000000,  31.00000000,  15.50000000,  45.00000000,  74.50000000, 105.00000000, 135.50000000, 166.00000000, 196.50000000, 227.50000000, 258.00000000, 288.50000000, 319.00000000, 349.50000000,   0.00000000,  31.00000000,  59.00000000,  90.00000000, 120.00000000, 151.00000000, 181.00000000, 212.00000000, 243.00000000, 273.00000000, 304.00000000, 334.00000000,  31.00000000,  59.00000000,  90.00000000, 120.00000000, 151.00000000, 181.00000000, 212.00000000, 243.00000000, 273.00000000, 304.00000000, 334.00000000, 365.00000000,  79.817, 173.219,  365
       0,     1067,  31.00000000,  28.00000000,  31.00000000,  30.00000000,  31.00000000,  30.00000000,  31.00000000,  31.00000000,  30.00000000,  31.00000000,  30.00000000,  31.00000000,  15.50000000,  45.00000000,  74.50000000, 105.00000000, 135.50000000, 166.00000000, 196.50000000, 227.50000000, 258.00000000, 288.50000000, 319.00000000, 349.50000000,   0.00000000,  31.00000000,  59.00000000,  90.00000000, 120.00000000, 151.00000000, 181.00000000, 212.00000000, 243.00000000, 273.00000000, 304.00000000, 334.00000000,  31.00000000,  59.00000000,  90.00000000, 120.00000000, 151.00000000, 181.00000000, 212.00000000, 243.00000000, 273.00000000, 304.00000000, 334.00000000, 365.00000000,  80.060, 173.460,  365
       0,     1068,  31.00000000,  29.00000000,  31.00000000,  30.00000000,  31.00000000,  30.00000000,  31.00000000,  31.00000000,  30.00000000,  31.00000000,  30.00000000,  31.00000000,  15.50000000,  45.50000000,  75.50000000, 106.00000000, 136.50000000, 167.00000000, 197.50000000, 228.50000000, 259.00000000, 289.50000000, 320.00000000, 350.50000000,   0.00000000,  31.00000000,  60.00000000,  91.00000000, 121.00000000, 152.00000000, 182.00000000, 213.00000000, 244.00000000, 274.00000000, 305.00000000, 335.00000000,  31.00000000,  60.00000000,  91.00000000, 121.00000000, 152.00000000, 182.00000000, 213.00000000, 244.00000000, 274.00000000, 305.00000000, 335.00000000, 366.00000000,  80.303, 173.703,  366
       0,     1069,  31.00000000,  28.00000000,  31.00000000,  30.00000000,  31.00000000,  30.00000000,  31.00000000,  31.00000000,  30.00000000,  31.00000000,  30.00000000,  31.00000000,  15.50000000,  45.00000000,  74.50000000, 105.00000000, 135.50000000, 166.00000000, 196.50000000, 227.50000000, 258.00000000, 288.50000000, 319.00000000, 349.50000000,   0.00000000,  31.00000000,  59.00000000,  90.00000000, 120.00000000, 151.00000000, 181.00000000, 212.00000000, 243.00000000, 273.00000000, 304.00000000, 334.00000000,  31.00000000,  59.00000000,  90.00000000, 120.00000000, 151.00000000, 181.00000000, 212.00000000, 243.00000000, 273.00000000, 304.00000000, 334.00000000, 365.00000000,  79.545, 172.944,  365
       0,     1070,  31.00000000,  28.00000000,  31.00000000,  30.00000000,  31.00000000,  30.00000000,  31.00000000,  31.00000000,  30.00000000,  31.00000000,  30.00000000,  31.00000000,  15.50000000,  45.00000000,  74.50000000, 105.00000000, 135.50000000, 166.00000000, 196.50000000, 227.50000000, 258.00000000, 288.50000000, 319.00000000, 349.50000000,   0.00000000,  31.00000000,  59.00000000,  90.00000000, 120.00000000, 151.00000000, 181.00000000, 212.00000000, 243.00000000, 273.00000000, 304.00000000, 334.00000000,  31.00000000,  59.00000000,  90.00000000, 120.00000000, 151.00000000, 181.00000000, 212.00000000, 243.00000000, 273.00000000, 304.00000000, 334.00000000, 365.00000000,  79.787, 173.186,  365
       0,     1071,  31.00000000,  28.00000000,  31.00000000,  30.00000000,  31.00000000,  30.00000000,  31.00000000,  31.00000000,  30.00000000,  31.00000000,  30.00000000,  31.00000000,  15.50000000,  45.00000000,  74.50000000, 105.00000000, 135.50000000, 166.00000000, 196.50000000, 227.50000000, 258.00000000, 288.50000000, 319.00000000, 349.50000000,   0.00000000,  31.00000000,  59.00000000,  90.00000000, 120.00000000, 151.00000000, 181.00000000, 212.00000000, 243.00000000, 273.00000000, 304.00000000, 334.00000000,  31.00000000,  59.00000000,  90.00000000, 120.00000000, 151.00000000, 181.00000000, 212.00000000, 243.00000000, 273.00000000, 304.00000000, 334.00000000, 365.00000000,  80.030, 173.428,  365
       0,     1072,  31.00000000,  29.00000000,  31.00000000,  30.00000000,  31.00000000,  30.00000000,  31.00000000,  31.00000000,  30.00000000,  31.00000000,  30.00000000,  31.00000000,  15.50000000,  45.50000000,  75.50000000, 106.00000000, 136.50000000, 167.00000000, 197.50000000, 228.50000000, 259.00000000, 289.50000000, 320.00000000, 350.50000000,   0.00000000,  31.00000000,  60.00000000,  91.00000000, 121.00000000, 152.00000000, 182.00000000, 213.00000000, 244.00000000, 274.00000000, 305.00000000, 335.00000000,  31.00000000,  60.00000000,  91.00000000, 121.00000000, 152.00000000, 182.00000000, 213.00000000, 244.00000000, 274.00000000, 305.00000000, 335.00000000, 366.00000000,  80.272, 173.670,  366
       0,     1073,  31.00000000,  28.00000000,  31.00000000,  30.00000000,  31.00000000,  30.00000000,  31.00000000,  31.00000000,  30.00000000,  31.00000000,  30.00000000,  31.00000000,  15.50000000,  45.00000000,  74.50000000, 105.00000000, 135.50000000, 166.00000000, 196.50000000, 227.50000000, 258.00000000, 288.50000000, 319.00000000, 349.50000000,   0.00000000,  31.00000000,  59.00000000,  90.00000000, 120.00000000, 151.00000000, 181.00000000, 212.00000000, 243.00000000, 273.00000000, 304.00000000, 334.00000000,  31.00000000,  59.00000000,  90.00000000, 120.00000000, 151.00000000, 181.00000000, 212.00000000, 243.00000000, 273.00000000, 304.00000000, 334.00000000, 365.00000000,  79.515, 172.912,  365
       0,     1074,  31.00000000,  28.00000000,  31.00000000,  30.00000000,  31.00000000,  30.00000000,  31.00000000,  31.00000000,  30.00000000,  31.00000000,  30.00000000,  31.00000000,  15.50000000,  45.00000000,  74.50000000, 105.00000000, 135.50000000, 166.00000000, 196.50000000, 227.50000000, 258.00000000, 288.50000000, 319.00000000, 349.50000000,   0.00000000,  31.00000000,  59.00000000,  90.00000000, 120.00000000, 151.00000000, 181.00000000, 212.00000000, 243.00000000, 273.00000000, 304.00000000, 334.00000000,  31.00000000,  59.00000000,  90.00000000, 120.00000000, 151.00000000, 181.00000000, 212.00000000, 243.00000000, 273.00000000, 304.00000000, 334.00000000, 365.00000000,  79.758, 173.154,  365
       0,     1075,  31.00000000,  28.00000000,  31.00000000,  30.00000000,  31.00000000,  30.00000000,  31.00000000,  31.00000000,  30.00000000,  31.00000000,  30.00000000,  31.00000000,  15.50000000,  45.00000000,  74.50000000, 105.00000000, 135.50000000, 166.00000000, 196.50000000, 227.50000000, 258.00000000, 288.50000000, 319.00000000, 349.50000000,   0.00000000,  31.00000000,  59.00000000,  90.00000000, 120.00000000, 151.00000000, 181.00000000, 212.00000000, 243.00000000, 273.00000000, 304.00000000, 334.00000000,  31.00000000,  59.00000000,  90.00000000, 120.00000000, 151.00000000, 181.00000000, 212.00000000, 243.00000000, 273.00000000, 304.00000000, 334.00000000, 365.00000000,  80.000, 173.396,  365
       0,     1076,  31.00000000,  29.00000000,  31.00000000,  30.00000000,  31.00000000,  30.00000000,  31.00000000,  31.00000000,  30.00000000,  31.00000000,  30.00000000,  31.00000000,  15.50000000,  45.50000000,  75.50000000, 106.00000000, 136.50000000, 167.00000000, 197.50000000, 228.50000000, 259.00000000, 289.50000000, 320.00000000, 350.50000000,   0.00000000,  31.00000000,  60.00000000,  91.00000000, 121.00000000, 152.00000000, 182.00000000, 213.00000000, 244.00000000, 274.00000000, 305.00000000, 335.00000000,  31.00000000,  60.00000000,  91.00000000, 121.00000000, 152.00000000, 182.00000000, 213.00000000, 244.00000000, 274.00000000, 305.00000000, 335.00000000, 366.00000000,  80.242, 173.637,  366
       0,     1077,  31.00000000,  28.00000000,  31.00000000,  30.00000000,  31.00000000,  30.00000000,  31.00000000,  31.00000000,  30.00000000,  31.00000000,  30.00000000,  31.00000000,  15.50000000,  45.00000000,  74.50000000, 105.00000000, 135.50000000, 166.00000000, 196.50000000, 227.50000000, 258.00000000, 288.50000000, 319.00000000, 349.50000000,   0.00000000,  31.00000000,  59.00000000,  90.00000000, 120.00000000, 151.00000000, 181.00000000, 212.00000000, 243.00000000, 273.00000000, 304.00000000, 334.00000000,  31.00000000,  59.00000000,  90.00000000, 120.00000000, 151.00000000, 181.00000000, 212.00000000, 243.00000000, 273.00000000, 304.00000000, 334.00000000, 365.00000000,  79.485, 172.879,  365
       0,     1078,  31.00000000,  28.00000000,  31.00000000,  30.00000000,  31.00000000,  30.00000000,  31.00000000,  31.00000000,  30.00000000,  31.00000000,  30.00000000,  31.00000000,  15.50000000,  45.00000000,  74.50000000, 105.00000000, 135.50000000, 166.00000000, 196.50000000, 227.50000000, 258.00000000, 288.50000000, 319.00000000, 349.50000000,   0.00000000,  31.00000000,  59.00000000,  90.00000000, 120.00000000, 151.00000000, 181.00000000, 212.00000000, 243.00000000, 273.00000000, 304.00000000, 334.00000000,  31.00000000,  59.00000000,  90.00000000, 120.00000000, 151.00000000, 181.00000000, 212.00000000, 243.00000000, 273.00000000, 304.00000000, 334.00000000, 365.00000000,  79.728, 173.122,  365
       0,     1079,  31.00000000,  28.00000000,  31.00000000,  30.00000000,  31.00000000,  30.00000000,  31.00000000,  31.00000000,  30.00000000,  31.00000000,  30.00000000,  31.00000000,  15.50000000,  45.00000000,  74.50000000, 105.00000000, 135.50000000, 166.00000000, 196.50000000, 227.50000000, 258.00000000, 288.50000000, 319.00000000, 349.50000000,   0.00000000,  31.00000000,  59.00000000,  90.00000000, 120.00000000, 151.00000000, 181.00000000, 212.00000000, 243.00000000, 273.00000000, 304.00000000, 334.00000000,  31.00000000,  59.00000000,  90.00000000, 120.00000000, 151.00000000, 181.00000000, 212.00000000, 243.00000000, 273.00000000, 304.00000000, 334.00000000, 365.00000000,  79.970, 173.363,  365
       0,     1080,  31.00000000,  29.00000000,  31.00000000,  30.00000000,  31.00000000,  30.00000000,  31.00000000,  31.00000000,  30.00000000,  31.00000000,  30.00000000,  31.00000000,  15.50000000,  45.50000000,  75.50000000, 106.00000000, 136.50000000, 167.00000000, 197.50000000, 228.50000000, 259.00000000, 289.50000000, 320.00000000, 350.50000000,   0.00000000,  31.00000000,  60.00000000,  91.00000000, 121.00000000, 152.00000000, 182.00000000, 213.00000000, 244.00000000, 274.00000000, 305.00000000, 335.00000000,  31.00000000,  60.00000000,  91.00000000, 121.00000000, 152.00000000, 182.00000000, 213.00000000, 244.00000000, 274.00000000, 305.00000000, 335.00000000, 366.00000000,  80.212, 173.605,  366
       0,     1081,  31.00000000,  28.00000000,  31.00000000,  30.00000000,  31.00000000,  30.00000000,  31.00000000,  31.00000000,  30.00000000,  31.00000000,  30.00000000,  31.00000000,  15.50000000,  45.00000000,  74.50000000, 105.00000000, 135.50000000, 166.00000000, 196.50000000, 227.50000000, 258.00000000, 288.50000000, 319.00000000, 349.50000000,   0.00000000,  31.00000000,  59.00000000,  90.00000000, 120.00000000, 151.00000000, 181.00000000, 212.00000000, 243.00000000, 273.00000000, 304.00000000, 334.00000000,  31.00000000,  59.00000000,  90.00000000, 120.00000000, 151.00000000, 181.00000000, 212.00000000, 243.00000000, 273.00000000, 304.00000000, 334.00000000, 365.00000000,  79.455, 172.847,  365
       0,     1082,  31.00000000,  28.00000000,  31.00000000,  30.00000000,  31.00000000,  30.00000000,  31.00000000,  31.00000000,  30.00000000,  31.00000000,  30.00000000,  31.00000000,  15.50000000,  45.00000000,  74.50000000, 105.00000000, 135.50000000, 166.00000000, 196.50000000, 227.50000000, 258.00000000, 288.50000000, 319.00000000, 349.50000000,   0.00000000,  31.00000000,  59.00000000,  90.00000000, 120.00000000, 151.00000000, 181.00000000, 212.00000000, 243.00000000, 273.00000000, 304.00000000, 334.00000000,  31.00000000,  59.00000000,  90.00000000, 120.00000000, 151.00000000, 181.00000000, 212.00000000, 243.00000000, 273.00000000, 304.00000000, 334.00000000, 365.00000000,  79.697, 173.089,  365
       0,     1083,  31.00000000,  28.00000000,  31.00000000,  30.00000000,  31.00000000,  30.00000000,  31.00000000,  31.00000000,  30.00000000,  31.00000000,  30.00000000,  31.00000000,  15.50000000,  45.00000000,  74.50000000, 105.00000000, 135.50000000, 166.00000000, 196.50000000, 227.50000000, 258.00000000, 288.50000000, 319.00000000, 349.50000000,   0.00000000,  31.00000000,  59.00000000,  90.00000000, 120.00000000, 151.00000000, 181.00000000, 212.00000000, 243.00000000, 273.00000000, 304.00000000, 334.00000000,  31.00000000,  59.00000000,  90.00000000, 120.00000000, 151.00000000, 181.00000000, 212.00000000, 243.00000000, 273.00000000, 304.00000000, 334.00000000, 365.00000000,  79.940, 173.331,  365
       0,     1084,  31.00000000,  29.00000000,  31.00000000,  30.00000000,  31.00000000,  30.00000000,  31.00000000,  31.00000000,  30.00000000,  31.00000000,  30.00000000,  31.00000000,  15.50000000,  45.50000000,  75.50000000, 106.00000000, 136.50000000, 167.00000000, 197.50000000, 228.50000000, 259.00000000, 289.50000000, 320.00000000, 350.50000000,   0.00000000,  31.00000000,  60.00000000,  91.00000000, 121.00000000, 152.00000000, 182.00000000, 213.00000000, 244.00000000, 274.00000000, 305.00000000, 335.00000000,  31.00000000,  60.00000000,  91.00000000, 121.00000000, 152.00000000, 182.00000000, 213.00000000, 244.00000000, 274.00000000, 305.00000000, 335.00000000, 366.00000000,  80.183, 173.573,  366
       0,     1085,  31.00000000,  28.00000000,  31.00000000,  30.00000000,  31.00000000,  30.00000000,  31.00000000,  31.00000000,  30.00000000,  31.00000000,  30.00000000,  31.00000000,  15.50000000,  45.00000000,  74.50000000, 105.00000000, 135.50000000, 166.00000000, 196.50000000, 227.50000000, 258.00000000, 288.50000000, 319.00000000, 349.50000000,   0.00000000,  31.00000000,  59.00000000,  90.00000000, 120.00000000, 151.00000000, 181.00000000, 212.00000000, 243.00000000, 273.00000000, 304.00000000, 334.00000000,  31.00000000,  59.00000000,  90.00000000, 120.00000000, 151.00000000, 181.00000000, 212.00000000, 243.00000000, 273.00000000, 304.00000000, 334.00000000, 365.00000000,  79.425, 172.815,  365
       0,     1086,  31.00000000,  28.00000000,  31.00000000,  30.00000000,  31.00000000,  30.00000000,  31.00000000,  31.00000000,  30.00000000,  31.00000000,  30.00000000,  31.00000000,  15.50000000,  45.00000000,  74.50000000, 105.00000000, 135.50000000, 166.00000000, 196.50000000, 227.50000000, 258.00000000, 288.50000000, 319.00000000, 349.50000000,   0.00000000,  31.00000000,  59.00000000,  90.00000000, 120.00000000, 151.00000000, 181.00000000, 212.00000000, 243.00000000, 273.00000000, 304.00000000, 334.00000000,  31.00000000,  59.00000000,  90.00000000, 120.00000000, 151.00000000, 181.00000000, 212.00000000, 243.00000000, 273.00000000, 304.00000000, 334.00000000, 365.00000000,  79.667, 173.056,  365
       0,     1087,  31.00000000,  28.00000000,  31.00000000,  30.00000000,  31.00000000,  30.00000000,  31.00000000,  31.00000000,  30.00000000,  31.00000000,  30.00000000,  31.00000000,  15.50000000,  45.00000000,  74.50000000, 105.00000000, 135.50000000, 166.00000000, 196.50000000, 227.50000000, 258.00000000, 288.50000000, 319.00000000, 349.50000000,   0.00000000,  31.00000000,  59.00000000,  90.00000000, 120.00000000, 151.00000000, 181.00000000, 212.00000000, 243.00000000, 273.00000000, 304.00000000, 334.00000000,  31.00000000,  59.00000000,  90.00000000, 120.00000000, 151.00000000, 181.00000000, 212.00000000, 243.00000000, 273.00000000, 304.00000000, 334.00000000, 365.00000000,  79.910, 173.299,  365
       0,     1088,  31.00000000,  29.00000000,  31.00000000,  30.00000000,  31.00000000,  30.00000000,  31.00000000,  31.00000000,  30.00000000,  31.00000000,  30.00000000,  31.00000000,  15.50000000,  45.50000000,  75.50000000, 106.00000000, 136.50000000, 167.00000000, 197.50000000, 228.50000000, 259.00000000, 289.50000000, 320.00000000, 350.50000000,   0.00000000,  31.00000000,  60.00000000,  91.00000000, 121.00000000, 152.00000000, 182.00000000, 213.00000000, 244.00000000, 274.00000000, 305.00000000, 335.00000000,  31.00000000,  60.00000000,  91.00000000, 121.00000000, 152.00000000, 182.00000000, 213.00000000, 244.00000000, 274.00000000, 305.00000000, 335.00000000, 366.00000000,  80.153, 173.540,  366
       0,     1089,  31.00000000,  28.00000000,  31.00000000,  30.00000000,  31.00000000,  30.00000000,  31.00000000,  31.00000000,  30.00000000,  31.00000000,  30.00000000,  31.00000000,  15.50000000,  45.00000000,  74.50000000, 105.00000000, 135.50000000, 166.00000000, 196.50000000, 227.50000000, 258.00000000, 288.50000000, 319.00000000, 349.50000000,   0.00000000,  31.00000000,  59.00000000,  90.00000000, 120.00000000, 151.00000000, 181.00000000, 212.00000000, 243.00000000, 273.00000000, 304.00000000, 334.00000000,  31.00000000,  59.00000000,  90.00000000, 120.00000000, 151.00000000, 181.00000000, 212.00000000, 243.00000000, 273.00000000, 304.00000000, 334.00000000, 365.00000000,  79.395, 172.782,  365
       0,     1090,  31.00000000,  28.00000000,  31.00000000,  30.00000000,  31.00000000,  30.00000000,  31.00000000,  31.00000000,  30.00000000,  31.00000000,  30.00000000,  31.00000000,  15.50000000,  45.00000000,  74.50000000, 105.00000000, 135.50000000, 166.00000000, 196.50000000, 227.50000000, 258.00000000, 288.50000000, 319.00000000, 349.50000000,   0.00000000,  31.00000000,  59.00000000,  90.00000000, 120.00000000, 151.00000000, 181.00000000, 212.00000000, 243.00000000, 273.00000000, 304.00000000, 334.00000000,  31.00000000,  59.00000000,  90.00000000, 120.00000000, 151.00000000, 181.00000000, 212.00000000, 243.00000000, 273.00000000, 304.00000000, 334.00000000, 365.00000000,  79.638, 173.024,  365
       0,     1091,  31.00000000,  28.00000000,  31.00000000,  30.00000000,  31.00000000,  30.00000000,  31.00000000,  31.00000000,  30.00000000,  31.00000000,  30.00000000,  31.00000000,  15.50000000,  45.00000000,  74.50000000, 105.00000000, 135.50000000, 166.00000000, 196.50000000, 227.50000000, 258.00000000, 288.50000000, 319.00000000, 349.50000000,   0.00000000,  31.00000000,  59.00000000,  90.00000000, 120.00000000, 151.00000000, 181.00000000, 212.00000000, 243.00000000, 273.00000000, 304.00000000, 334.00000000,  31.00000000,  59.00000000,  90.00000000, 120.00000000, 151.00000000, 181.00000000, 212.00000000, 243.00000000, 273.00000000, 304.00000000, 334.00000000, 365.00000000,  79.880, 173.266,  365
       0,     1092,  31.00000000,  29.00000000,  31.00000000,  30.00000000,  31.00000000,  30.00000000,  31.00000000,  31.00000000,  30.00000000,  31.00000000,  30.00000000,  31.00000000,  15.50000000,  45.50000000,  75.50000000, 106.00000000, 136.50000000, 167.00000000, 197.50000000, 228.50000000, 259.00000000, 289.50000000, 320.00000000, 350.50000000,   0.00000000,  31.00000000,  60.00000000,  91.00000000, 121.00000000, 152.00000000, 182.00000000, 213.00000000, 244.00000000, 274.00000000, 305.00000000, 335.00000000,  31.00000000,  60.00000000,  91.00000000, 121.00000000, 152.00000000, 182.00000000, 213.00000000, 244.00000000, 274.00000000, 305.00000000, 335.00000000, 366.00000000,  80.122, 173.508,  366
       0,     1093,  31.00000000,  28.00000000,  31.00000000,  30.00000000,  31.00000000,  30.00000000,  31.00000000,  31.00000000,  30.00000000,  31.00000000,  30.00000000,  31.00000000,  15.50000000,  45.00000000,  74.50000000, 105.00000000, 135.50000000, 166.00000000, 196.50000000, 227.50000000, 258.00000000, 288.50000000, 319.00000000, 349.50000000,   0.00000000,  31.00000000,  59.00000000,  90.00000000, 120.00000000, 151.00000000, 181.00000000, 212.00000000, 243.00000000, 273.00000000, 304.00000000, 334.00000000,  31.00000000,  59.00000000,  90.00000000, 120.00000000, 151.00000000, 181.00000000, 212.00000000, 243.00000000, 273.00000000, 304.00000000, 334.00000000, 365.00000000,  79.365, 172.749,  365
       0,     1094,  31.00000000,  28.00000000,  31.00000000,  30.00000000,  31.00000000,  30.00000000,  31.00000000,  31.00000000,  30.00000000,  31.00000000,  30.00000000,  31.00000000,  15.50000000,  45.00000000,  74.50000000, 105.00000000, 135.50000000, 166.00000000, 196.50000000, 227.50000000, 258.00000000, 288.50000000, 319.00000000, 349.50000000,   0.00000000,  31.00000000,  59.00000000,  90.00000000, 120.00000000, 151.00000000, 181.00000000, 212.00000000, 243.00000000, 273.00000000, 304.00000000, 334.00000000,  31.00000000,  59.00000000,  90.00000000, 120.00000000, 151.00000000, 181.00000000, 212.00000000, 243.00000000, 273.00000000, 304.00000000, 334.00000000, 365.00000000,  79.608, 172.992,  365
       0,     1095,  31.00000000,  28.00000000,  31.00000000,  30.00000000,  31.00000000,  30.00000000,  31.00000000,  31.00000000,  30.00000000,  31.00000000,  30.00000000,  31.00000000,  15.50000000,  45.00000000,  74.50000000, 105.00000000, 135.50000000, 166.00000000, 196.50000000, 227.50000000, 258.00000000, 288.50000000, 319.00000000, 349.50000000,   0.00000000,  31.00000000,  59.00000000,  90.00000000, 120.00000000, 151.00000000, 181.00000000, 212.00000000, 243.00000000, 273.00000000, 304.00000000, 334.00000000,  31.00000000,  59.00000000,  90.00000000, 120.00000000, 151.00000000, 181.00000000, 212.00000000, 243.00000000, 273.00000000, 304.00000000, 334.00000000, 365.00000000,  79.850, 173.233,  365
       0,     1096,  31.00000000,  29.00000000,  31.00000000,  30.00000000,  31.00000000,  30.00000000,  31.00000000,  31.00000000,  30.00000000,  31.00000000,  30.00000000,  31.00000000,  15.50000000,  45.50000000,  75.50000000, 106.00000000, 136.50000000, 167.00000000, 197.50000000, 228.50000000, 259.00000000, 289.50000000, 320.00000000, 350.50000000,   0.00000000,  31.00000000,  60.00000000,  91.00000000, 121.00000000, 152.00000000, 182.00000000, 213.00000000, 244.00000000, 274.00000000, 305.00000000, 335.00000000,  31.00000000,  60.00000000,  91.00000000, 121.00000000, 152.00000000, 182.00000000, 213.00000000, 244.00000000, 274.00000000, 305.00000000, 335.00000000, 366.00000000,  80.092, 173.475,  366
       0,     1097,  31.00000000,  28.00000000,  31.00000000,  30.00000000,  31.00000000,  30.00000000,  31.00000000,  31.00000000,  30.00000000,  31.00000000,  30.00000000,  31.00000000,  15.50000000,  45.00000000,  74.50000000, 105.00000000, 135.50000000, 166.00000000, 196.50000000, 227.50000000, 258.00000000, 288.50000000, 319.00000000, 349.50000000,   0.00000000,  31.00000000,  59.00000000,  90.00000000, 120.00000000, 151.00000000, 181.00000000, 212.00000000, 243.00000000, 273.00000000, 304.00000000, 334.00000000,  31.00000000,  59.00000000,  90.00000000, 120.00000000, 151.00000000, 181.00000000, 212.00000000, 243.00000000, 273.00000000, 304.00000000, 334.00000000, 365.00000000,  79.335, 172.717,  365
       0,     1098,  31.00000000,  28.00000000,  31.00000000,  30.00000000,  31.00000000,  30.00000000,  31.00000000,  31.00000000,  30.00000000,  31.00000000,  30.00000000,  31.00000000,  15.50000000,  45.00000000,  74.50000000, 105.00000000, 135.50000000, 166.00000000, 196.50000000, 227.50000000, 258.00000000, 288.50000000, 319.00000000, 349.50000000,   0.00000000,  31.00000000,  59.00000000,  90.00000000, 120.00000000, 151.00000000, 181.00000000, 212.00000000, 243.00000000, 273.00000000, 304.00000000, 334.00000000,  31.00000000,  59.00000000,  90.00000000, 120.00000000, 151.00000000, 181.00000000, 212.00000000, 243.00000000, 273.00000000, 304.00000000, 334.00000000, 365.00000000,  79.578, 172.959,  365
       0,     1099,  31.00000000,  28.00000000,  31.00000000,  30.00000000,  31.00000000,  30.00000000,  31.00000000,  31.00000000,  30.00000000,  31.00000000,  30.00000000,  31.00000000,  15.50000000,  45.00000000,  74.50000000, 105.00000000, 135.50000000, 166.00000000, 196.50000000, 227.50000000, 258.00000000, 288.50000000, 319.00000000, 349.50000000,   0.00000000,  31.00000000,  59.00000000,  90.00000000, 120.00000000, 151.00000000, 181.00000000, 212.00000000, 243.00000000, 273.00000000, 304.00000000, 334.00000000,  31.00000000,  59.00000000,  90.00000000, 120.00000000, 151.00000000, 181.00000000, 212.00000000, 243.00000000, 273.00000000, 304.00000000, 334.00000000, 365.00000000,  79.820, 173.201,  365
